iteracao,residuo
1,0.882162
2,0.0813926
3,0.00763279
4,0.000720902
5,6.82418e-05
6,6.46099e-06
7,6.11517e-07
8,5.78691e-08
9,5.4762e-09
