iteracao,residuo
1,0.679575
2,0.0476682
3,0.00340713
4,0.00024436
5,1.7467e-05
6,1.24233e-06
7,8.80097e-08
8,6.22137e-09
