iteracao,residuo
1,0.882668
2,0.0814902
3,0.00764842
4,0.000723227
5,6.85709e-05
6,6.50587e-06
7,6.17467e-07
8,5.86452e-08
9,5.62501e-09
