iteracao,residuo
1,0.68043
2,0.0478514
3,0.0034328
4,0.000247449
5,1.78071e-05
6,1.27728e-06
7,9.14098e-08
8,6.5908e-09
