iteracao,residuo
1,0.882662
2,0.0814891
3,0.00764825
4,0.000723199
5,6.85668e-05
6,6.50529e-06
7,6.17386e-07
8,5.86299e-08
9,5.57617e-09
