iteracao,residuo
1,0.680274
2,0.0478202
3,0.00342911
4,0.000247081
5,1.77726e-05
6,1.2741e-06
7,9.11173e-08
8,6.51493e-09
