iteracao,residuo
1,0.882669
2,0.0814905
3,0.00764847
4,0.000723234
5,6.85719e-05
6,6.50602e-06
7,6.17496e-07
8,5.87223e-08
9,6.31299e-09
