iteracao,residuo
1,0.865275
2,0.0536407
3,0.00332534
4,0.000206147
5,1.27797e-05
6,7.92262e-07
7,4.92089e-08
8,4.24153e-09
