iteracao,residuo
1,0.680584
2,0.0478822
3,0.0034364
4,0.000247794
5,1.78377e-05
6,1.27991e-06
7,9.16998e-08
8,7.25557e-09
