iteracao,residuo
1,0.865273
2,0.0536404
3,0.00332531
4,0.000206145
5,1.27796e-05
6,7.92243e-07
7,4.91172e-08
8,3.12834e-09
