iteracao,residuo
1,0.865265
2,0.0536393
3,0.00332521
4,0.000206137
5,1.27789e-05
6,7.92196e-07
7,4.91111e-08
8,3.05032e-09
