iteracao,residuo
1,0.882544
2,0.0814665
3,0.0076446
4,0.000722651
5,6.84879e-05
6,6.49435e-06
7,6.15912e-07
8,5.84356e-08
9,5.54795e-09
