iteracao,residuo
1,0.679915
2,0.0477461
3,0.00341924
4,0.00024593
5,1.76467e-05
6,1.26109e-06
7,8.98433e-08
8,6.39255e-09
