iteracao,residuo
1,0.882638
2,0.0814846
3,0.00764752
4,0.00072309
5,6.85509e-05
6,6.50304e-06
7,6.17078e-07
8,5.85885e-08
9,5.56782e-09
