iteracao,residuo
1,0.865234
2,0.0536351
3,0.0033248
4,0.000206103
5,1.27762e-05
6,7.91997e-07
7,4.90959e-08
8,3.04346e-09
