iteracao,residuo
1,0.680111
2,0.0477873
3,0.003425
4,0.000246636
5,1.77265e-05
6,1.26949e-06
7,9.06712e-08
8,6.47013e-09
