iteracao,residuo
1,0.86511
2,0.0536182
3,0.00332318
4,0.000205967
5,1.27656e-05
6,7.91202e-07
7,4.90379e-08
8,3.03943e-09
