iteracao,residuo
1,0.864613
2,0.0535505
3,0.00331671
4,0.000205424
5,1.27232e-05
6,7.88032e-07
7,4.88082e-08
8,3.02302e-09
