iteracao,residuo
1,0.880626
2,0.081092
3,0.00758511
4,0.000713966
5,6.72858e-05
6,6.33405e-06
7,5.95118e-07
8,5.57958e-08
9,5.21887e-09
