iteracao,residuo
1,0.678617
2,0.0474334
3,0.0033714
4,0.000239899
5,1.69755e-05
6,1.19228e-06
7,8.31733e-08
8,5.77021e-09
