iteracao,residuo
1,0.862625
2,0.0532805
3,0.0032909
4,0.000203265
5,1.25549e-05
6,7.75465e-07
7,4.78975e-08
8,2.95845e-09
